collected_at,media_id,timestamp,media_type,permalink,restaurant_name,area,genre,hashtags,like_count,comments_count,reach,saved,likes,comments,shares,total_interactions,profile_activity,profile_visits
2026-09-27T17:20:28+00:00,17914680573265768,2026-09-24T19:04:35+0000,CAROUSEL_ALBUM,https://www.instagram.com/p/Ddrl_WRIBGc/,ちから 新橋店,新橋,グルメ,#新橋 #汐留 #内幸町 #グルメ #食べログ #東京グルメ #居酒屋 #外食記録 #東京ランチ #東京ディナー #グルメ好きな人と繋がりたい #グルメ巡り #ランチ巡り #ディナー巡り #保存推奨 #正直グルメ #コスパグルメ #デートごはん #ひとりごはん #居酒屋巡り,12,0,"unsupported: Instagram API error 400: {""error"":{""message"":""(#10) Application does not have permission for this action"",""type"":""OAuthException"",""code"":10,""fbtrace_id"":""Ar6y-PVJFSbPWXBp-Ul7x65""}}","unsupported: Instagram API error 400: {""error"":{""message"":""(#10) Application does not have permission for this action"",""type"":""OAuthException"",""code"":10,""fbtrace_id"":""AlGHtWN15jTUuZFJG5-uN-G""}}","unsupported: Instagram API error 400: {""error"":{""message"":""(#10) Application does not have permission for this action"",""type"":""OAuthException"",""code"":10,""fbtrace_id"":""A815MyNjrmqqGpPmMyRFmoY""}}","unsupported: Instagram API error 400: {""error"":{""message"":""(#10) Application does not have permission for this action"",""code"":10,""type"":""OAuthException"",""fbtrace_id"":""AR_1QdwlfHRgNjdWLRguedU""}}","unsupported: Instagram API error 400: {""error"":{""message"":""(#10) Application does not have permission for this action"",""code"":10,""type"":""OAuthException"",""fbtrace_id"":""AIlr-HEAJ9ZDi5LilfplkTr""}}","unsupported: Instagram API error 400: {""error"":{""message"":""(#10) Application does not have permission for this action"",""type"":""OAuthException"",""code"":10,""fbtrace_id"":""AIEwCNSKLoYdfImjd5uy8yZ""}}","unsupported: Instagram API error 400: {""error"":{""message"":""(#10) Application does not have permission for this action"",""type"":""OAuthException"",""code"":10,""fbtrace_id"":""APh6XPm2coJXuZuq03GKHj1""}}","unsupported: Instagram API error 400: {""error"":{""message"":""(#10) Application does not have permission for this action"",""code"":10,""type"":""OAuthException"",""fbtrace_id"":""AnUDrEb4srCXFyTZ3ZvVG6z""}}"
2026-09-27T17:20:31+00:00,18630266200006421,2026-09-23T16:50:04+0000,CAROUSEL_ALBUM,https://www.instagram.com/p/Ddoxzchjdm1/,ゆるり庵,梁川,グルメ,#梁川 #四方津 #鳥沢 #グルメ #食べログ #東京グルメ #居酒屋 #外食記録 #東京ランチ #東京ディナー #グルメ好きな人と繋がりたい #グルメ巡り #ランチ巡り #ディナー巡り #保存推奨 #正直グルメ #コスパグルメ #デートごはん #ひとりごはん #居酒屋巡り,15,0,"unsupported: Instagram API error 400: {""error"":{""message"":""(#10) Application does not have permission for this action"",""type"":""OAuthException"",""code"":10,""fbtrace_id"":""ADL47HW01CgcfFM7R6f737l""}}","unsupported: Instagram API error 400: {""error"":{""message"":""(#10) Application does not have permission for this action"",""code"":10,""type"":""OAuthException"",""fbtrace_id"":""AKaGEaRyIDcWJP1C4J6kycv""}}","unsupported: Instagram API error 400: {""error"":{""message"":""(#10) Application does not have permission for this action"",""type"":""OAuthException"",""code"":10,""fbtrace_id"":""AyJWzbzrVUs-b8ummIApwKo""}}","unsupported: Instagram API error 400: {""error"":{""message"":""(#10) Application does not have permission for this action"",""type"":""OAuthException"",""code"":10,""fbtrace_id"":""A6twOXzsprG6paKO0G4PCof""}}","unsupported: Instagram API error 400: {""error"":{""message"":""(#10) Application does not have permission for this action"",""type"":""OAuthException"",""code"":10,""fbtrace_id"":""AyW-avQ72jmJuE_LEN0kh4e""}}","unsupported: Instagram API error 400: {""error"":{""message"":""(#10) Application does not have permission for this action"",""type"":""OAuthException"",""code"":10,""fbtrace_id"":""AfFnyTMIMG4CF4xCzicQVWf""}}","unsupported: Instagram API error 400: {""error"":{""message"":""(#10) Application does not have permission for this action"",""type"":""OAuthException"",""code"":10,""fbtrace_id"":""AGZ5x2FBQyXbJy1L6g_Nvpd""}}","unsupported: Instagram API error 400: {""error"":{""message"":""(#10) Application does not have permission for this action"",""type"":""OAuthException"",""code"":10,""fbtrace_id"":""AdrDJ3xdaoY0mPsmt_Q8GhD""}}"
2026-09-27T17:20:34+00:00,18037486256836962,2026-09-22T18:48:53+0000,CAROUSEL_ALBUM,https://www.instagram.com/p/DdmampYoDQZ/,桔梗屋 本社,石和温泉,スイーツ,#石和温泉 #春日居町 #スイーツ #食べログ #グルメ #東京グルメ #居酒屋 #外食記録 #東京ランチ #東京ディナー #グルメ好きな人と繋がりたい #グルメ巡り #ランチ巡り #ディナー巡り #保存推奨 #正直グルメ #コスパグルメ #デートごはん #ひとりごはん #居酒屋巡り,20,0,"unsupported: Instagram API error 400: {""error"":{""message"":""(#10) Application does not have permission for this action"",""type"":""OAuthException"",""code"":10,""fbtrace_id"":""Auyxe8-ANlv67U3UZ12RiYq""}}","unsupported: Instagram API error 400: {""error"":{""message"":""(#10) Application does not have permission for this action"",""type"":""OAuthException"",""code"":10,""fbtrace_id"":""AoexHO-5iM8tV-q3HbLWAIV""}}","unsupported: Instagram API error 400: {""error"":{""message"":""(#10) Application does not have permission for this action"",""code"":10,""type"":""OAuthException"",""fbtrace_id"":""AC-9GyLzzySHKlAJG4D_qzc""}}","unsupported: Instagram API error 400: {""error"":{""message"":""(#10) Application does not have permission for this action"",""type"":""OAuthException"",""code"":10,""fbtrace_id"":""Aa_is-7uorTpBJG4zDu67dW""}}","unsupported: Instagram API error 400: {""error"":{""message"":""(#10) Application does not have permission for this action"",""type"":""OAuthException"",""code"":10,""fbtrace_id"":""AHF7TUzBQlHPCJJDXKGyPoS""}}","unsupported: Instagram API error 400: {""error"":{""message"":""(#10) Application does not have permission for this action"",""type"":""OAuthException"",""code"":10,""fbtrace_id"":""AM3yPJdAY3pncUbvkGVDLtB""}}","unsupported: Instagram API error 400: {""error"":{""message"":""(#10) Application does not have permission for this action"",""type"":""OAuthException"",""code"":10,""fbtrace_id"":""AOyu3p3x4k87yFdIcc8TaqY""}}","unsupported: Instagram API error 400: {""error"":{""message"":""(#10) Application does not have permission for this action"",""type"":""OAuthException"",""code"":10,""fbtrace_id"":""ALdtJnr318AvyXt3lGMhFFh""}}"
2026-09-27T17:20:37+00:00,17940836349360526,2026-09-21T19:20:36+0000,CAROUSEL_ALBUM,https://www.instagram.com/p/Ddj5b4moCYe/,山下本気うどん 新宿三丁目,新宿三丁目,グルメ,#新宿三丁目 #新宿 #新宿西口 #グルメ #食べログ #東京グルメ #居酒屋 #外食記録 #東京ランチ #東京ディナー #グルメ好きな人と繋がりたい #グルメ巡り #ランチ巡り #ディナー巡り #保存推奨 #正直グルメ #コスパグルメ #デートごはん #ひとりごはん #居酒屋巡り,26,0,"unsupported: Instagram API error 400: {""error"":{""message"":""(#10) Application does not have permission for this action"",""type"":""OAuthException"",""code"":10,""fbtrace_id"":""ApUvK2rUvlJ5gq08tzGAfMk""}}","unsupported: Instagram API error 400: {""error"":{""message"":""(#10) Application does not have permission for this action"",""type"":""OAuthException"",""code"":10,""fbtrace_id"":""AaGugCG_CTPcgXBbWHh4utX""}}","unsupported: Instagram API error 400: {""error"":{""message"":""(#10) Application does not have permission for this action"",""type"":""OAuthException"",""code"":10,""fbtrace_id"":""AyAK10EEtNNrunF3A-IsqJc""}}","unsupported: Instagram API error 400: {""error"":{""message"":""(#10) Application does not have permission for this action"",""type"":""OAuthException"",""code"":10,""fbtrace_id"":""AOpc25Q55MNQp0pjKeLPbDq""}}","unsupported: Instagram API error 400: {""error"":{""message"":""(#10) Application does not have permission for this action"",""type"":""OAuthException"",""code"":10,""fbtrace_id"":""AyyF2Dhoh2TVStlL9LEWXRP""}}","unsupported: Instagram API error 400: {""error"":{""message"":""(#10) Application does not have permission for this action"",""type"":""OAuthException"",""code"":10,""fbtrace_id"":""AYg1LSfGTia9xv-tQVZRL0t""}}","unsupported: Instagram API error 400: {""error"":{""message"":""(#10) Application does not have permission for this action"",""code"":10,""type"":""OAuthException"",""fbtrace_id"":""Am48Zc4HNKrulcDs72DZfnX""}}","unsupported: Instagram API error 400: {""error"":{""message"":""(#10) Application does not have permission for this action"",""type"":""OAuthException"",""code"":10,""fbtrace_id"":""AO7lyw-KoH4pSO4wHY3gfTk""}}"
2026-09-27T17:20:40+00:00,18089997020391098,2026-09-20T18:44:10+0000,CAROUSEL_ALBUM,https://www.instagram.com/p/DdhQeT-jICI/,大衆酒場 春田屋 江古田店,江古田,居酒屋,#江古田 #居酒屋 #食べログ #グルメ #東京グルメ #外食記録 #東京ランチ #東京ディナー #グルメ好きな人と繋がりたい #グルメ巡り #ランチ巡り #ディナー巡り #保存推奨 #正直グルメ #コスパグルメ #デートごはん #ひとりごはん #居酒屋巡り #食べ歩き #おいしいもの好きな人と繋がりたい,23,0,"unsupported: Instagram API error 400: {""error"":{""message"":""(#10) Application does not have permission for this action"",""type"":""OAuthException"",""code"":10,""fbtrace_id"":""AecN6AP1jL9t9IQwZf3jI9l""}}","unsupported: Instagram API error 400: {""error"":{""message"":""(#10) Application does not have permission for this action"",""type"":""OAuthException"",""code"":10,""fbtrace_id"":""AiBzHKEGMePRGna7uDf8FcP""}}","unsupported: Instagram API error 400: {""error"":{""message"":""(#10) Application does not have permission for this action"",""type"":""OAuthException"",""code"":10,""fbtrace_id"":""A8MpjDdIcV_VMq8i6dMkbrf""}}","unsupported: Instagram API error 400: {""error"":{""message"":""(#10) Application does not have permission for this action"",""type"":""OAuthException"",""code"":10,""fbtrace_id"":""ApbhnbvSQCpYAUgB1t24AVq""}}","unsupported: Instagram API error 400: {""error"":{""message"":""(#10) Application does not have permission for this action"",""code"":10,""type"":""OAuthException"",""fbtrace_id"":""AKR0r_HAhYVWaZIFxd5QlMi""}}","unsupported: Instagram API error 400: {""error"":{""message"":""(#10) Application does not have permission for this action"",""type"":""OAuthException"",""code"":10,""fbtrace_id"":""AlWanKQ2WCq7FwAMKss9QLV""}}","unsupported: Instagram API error 400: {""error"":{""message"":""(#10) Application does not have permission for this action"",""type"":""OAuthException"",""code"":10,""fbtrace_id"":""A8S2xV828SDAG43hxP2Mrh0""}}","unsupported: Instagram API error 400: {""error"":{""message"":""(#10) Application does not have permission for this action"",""type"":""OAuthException"",""code"":10,""fbtrace_id"":""AZka6wgD6nhsUkNk-9O6wem""}}"
2026-09-27T17:20:42+00:00,17887461153683303,2026-09-19T17:58:12+0000,CAROUSEL_ALBUM,https://www.instagram.com/p/DdembZ2nCd4/,粤鼎,江古田,中華,#江古田 #新江古田 #新桜台 #中華 #食べログ #グルメ #東京グルメ #居酒屋 #外食記録 #東京ランチ #東京ディナー #グルメ好きな人と繋がりたい #グルメ巡り #ランチ巡り #ディナー巡り #保存推奨 #正直グルメ #コスパグルメ #デートごはん #ひとりごはん,21,0,"unsupported: Instagram API error 400: {""error"":{""message"":""(#10) Application does not have permission for this action"",""code"":10,""type"":""OAuthException"",""fbtrace_id"":""A5NErjWzAA0sQ_tQVdwZEuS""}}","unsupported: Instagram API error 400: {""error"":{""message"":""(#10) Application does not have permission for this action"",""code"":10,""type"":""OAuthException"",""fbtrace_id"":""Aglch_upFvOJk5hCtzxul4F""}}","unsupported: Instagram API error 400: {""error"":{""message"":""(#10) Application does not have permission for this action"",""type"":""OAuthException"",""code"":10,""fbtrace_id"":""AawxYSQABvMeFXWkuXYIwGB""}}","unsupported: Instagram API error 400: {""error"":{""message"":""(#10) Application does not have permission for this action"",""code"":10,""type"":""OAuthException"",""fbtrace_id"":""Aiw2RlpW8AC5PU1-ekAumeL""}}","unsupported: Instagram API error 400: {""error"":{""message"":""(#10) Application does not have permission for this action"",""type"":""OAuthException"",""code"":10,""fbtrace_id"":""ATsi_ysMT7lKw4qwmu8vgux""}}","unsupported: Instagram API error 400: {""error"":{""message"":""(#10) Application does not have permission for this action"",""type"":""OAuthException"",""code"":10,""fbtrace_id"":""AY42Mf1qEhnI_I_u_Y_T5iy""}}","unsupported: Instagram API error 400: {""error"":{""message"":""(#10) Application does not have permission for this action"",""type"":""OAuthException"",""code"":10,""fbtrace_id"":""AZ_kMWfhOKaiGLeJSqx5CYH""}}","unsupported: Instagram API error 400: {""error"":{""message"":""(#10) Application does not have permission for this action"",""type"":""OAuthException"",""code"":10,""fbtrace_id"":""AWBKZd9Y4lc1H5tbedYRRws""}}"
2026-09-27T17:20:45+00:00,18127817239823341,2026-09-18T18:22:38+0000,CAROUSEL_ALBUM,https://www.instagram.com/p/DdcEaxyFoYd/,山東餃子本舗 江古田店,江古田,中華,#江古田 #新桜台 #新江古田 #中華 #食べログ #グルメ #東京グルメ #居酒屋 #外食記録 #東京ランチ #東京ディナー #グルメ好きな人と繋がりたい #グルメ巡り #ランチ巡り #ディナー巡り #保存推奨 #正直グルメ #コスパグルメ #デートごはん #ひとりごはん,34,0,"unsupported: Instagram API error 400: {""error"":{""message"":""(#10) Application does not have permission for this action"",""type"":""OAuthException"",""code"":10,""fbtrace_id"":""ACXDBhkBKWmhBfYB8ndyRhR""}}","unsupported: Instagram API error 400: {""error"":{""message"":""(#10) Application does not have permission for this action"",""type"":""OAuthException"",""code"":10,""fbtrace_id"":""AYA7v-dGl813IsPNvjFPQz4""}}","unsupported: Instagram API error 400: {""error"":{""message"":""(#10) Application does not have permission for this action"",""type"":""OAuthException"",""code"":10,""fbtrace_id"":""A9MlIVtJqFBAUY8xqBnot7P""}}","unsupported: Instagram API error 400: {""error"":{""message"":""(#10) Application does not have permission for this action"",""type"":""OAuthException"",""code"":10,""fbtrace_id"":""AJAxBo_eB5JdWXYxRJhqbPJ""}}","unsupported: Instagram API error 400: {""error"":{""message"":""(#10) Application does not have permission for this action"",""type"":""OAuthException"",""code"":10,""fbtrace_id"":""ADwSl9kZgSN09CFYxuJ5BU0""}}","unsupported: Instagram API error 400: {""error"":{""message"":""(#10) Application does not have permission for this action"",""type"":""OAuthException"",""code"":10,""fbtrace_id"":""AZkHdPu6igdTrCBpYZaQTWg""}}","unsupported: Instagram API error 400: {""error"":{""message"":""(#10) Application does not have permission for this action"",""type"":""OAuthException"",""code"":10,""fbtrace_id"":""AobNSCnbOGb_KKRAD4mF2oT""}}","unsupported: Instagram API error 400: {""error"":{""message"":""(#10) Application does not have permission for this action"",""type"":""OAuthException"",""code"":10,""fbtrace_id"":""AfxSLsg0b08HUrYaC0s5r6j""}}"
2026-09-27T17:20:48+00:00,18108844787332834,2026-09-17T16:53:29+0000,CAROUSEL_ALBUM,https://www.instagram.com/p/DdZVa22Dl0W/,ラーメン鷹の目 江古田店,江古田,ラーメン,#江古田 #新江古田 #新桜台 #ラーメン #食べログ #グルメ #東京グルメ #居酒屋 #外食記録 #東京ランチ #東京ディナー #グルメ好きな人と繋がりたい #グルメ巡り #ランチ巡り #ディナー巡り #保存推奨 #正直グルメ #コスパグルメ #デートごはん #ひとりごはん,41,0,"unsupported: Instagram API error 400: {""error"":{""message"":""(#10) Application does not have permission for this action"",""code"":10,""type"":""OAuthException"",""fbtrace_id"":""A34IfWmZq50x3GH-rWyKyxn""}}","unsupported: Instagram API error 400: {""error"":{""message"":""(#10) Application does not have permission for this action"",""type"":""OAuthException"",""code"":10,""fbtrace_id"":""AoBd8wX5q0L5TMIvgZiEIaM""}}","unsupported: Instagram API error 400: {""error"":{""message"":""(#10) Application does not have permission for this action"",""type"":""OAuthException"",""code"":10,""fbtrace_id"":""A-OP0ZHceYCMcvQp-33IBzr""}}","unsupported: Instagram API error 400: {""error"":{""message"":""(#10) Application does not have permission for this action"",""code"":10,""type"":""OAuthException"",""fbtrace_id"":""AcVEOQNgf3zdhLYIqbcteo2""}}","unsupported: Instagram API error 400: {""error"":{""message"":""(#10) Application does not have permission for this action"",""type"":""OAuthException"",""code"":10,""fbtrace_id"":""AxbGJt2ViE5W9Y3C5nCpI66""}}","unsupported: Instagram API error 400: {""error"":{""message"":""(#10) Application does not have permission for this action"",""code"":10,""type"":""OAuthException"",""fbtrace_id"":""A-PM825nVGXCa7dOxJcGebc""}}","unsupported: Instagram API error 400: {""error"":{""message"":""(#10) Application does not have permission for this action"",""type"":""OAuthException"",""code"":10,""fbtrace_id"":""AVr2E4BvuPZoc7PC8XMvrLN""}}","unsupported: Instagram API error 400: {""error"":{""message"":""(#10) Application does not have permission for this action"",""type"":""OAuthException"",""code"":10,""fbtrace_id"":""A4MiQZBuBHleHpTNF6r5B3w""}}"
2026-09-27T17:20:51+00:00,17928615459165574,2026-09-15T18:09:00+0000,CAROUSEL_ALBUM,https://www.instagram.com/p/DdUUeU1oGJ1/,レストラン マルタ,新橋,ベーカリー,#新橋 #内幸町 #汐留 #ベーカリー #食べログ #グルメ #東京グルメ #居酒屋 #外食記録 #東京ランチ #東京ディナー #グルメ好きな人と繋がりたい #グルメ巡り #ランチ巡り #ディナー巡り #保存推奨 #正直グルメ #コスパグルメ #デートごはん #ひとりごはん,21,0,"unsupported: Instagram API error 400: {""error"":{""message"":""(#10) Application does not have permission for this action"",""type"":""OAuthException"",""code"":10,""fbtrace_id"":""AqUD6uvYfB90dunShR6bDKz""}}","unsupported: Instagram API error 400: {""error"":{""message"":""(#10) Application does not have permission for this action"",""code"":10,""type"":""OAuthException"",""fbtrace_id"":""AxADzt3weI-YQOPrzziqP1s""}}","unsupported: Instagram API error 400: {""error"":{""message"":""(#10) Application does not have permission for this action"",""type"":""OAuthException"",""code"":10,""fbtrace_id"":""A36c6hf9iT9yfeODLVgKlrP""}}","unsupported: Instagram API error 400: {""error"":{""message"":""(#10) Application does not have permission for this action"",""type"":""OAuthException"",""code"":10,""fbtrace_id"":""A8xHYcH4bRCLy0y9wk04Qr9""}}","unsupported: Instagram API error 400: {""error"":{""message"":""(#10) Application does not have permission for this action"",""type"":""OAuthException"",""code"":10,""fbtrace_id"":""AecKHE9nufd1D2T9kXECeqJ""}}","unsupported: Instagram API error 400: {""error"":{""message"":""(#10) Application does not have permission for this action"",""type"":""OAuthException"",""code"":10,""fbtrace_id"":""Ae0n9QarzqI_aZGA6hJnwTZ""}}","unsupported: Instagram API error 400: {""error"":{""message"":""(#10) Application does not have permission for this action"",""type"":""OAuthException"",""code"":10,""fbtrace_id"":""AGjUP-yl46OSlV9jhqtngdO""}}","unsupported: Instagram API error 400: {""error"":{""message"":""(#10) Application does not have permission for this action"",""type"":""OAuthException"",""code"":10,""fbtrace_id"":""AbbytwVmTmWMVkJ38WEfz8a""}}"
2026-09-27T17:20:54+00:00,18113246516472376,2026-09-14T19:18:07+0000,CAROUSEL_ALBUM,https://www.instagram.com/p/DdR3ljJoEE3/,本格焼鳥 新宿とら屋別邸,新宿,ラーメン,#新宿 #都庁前 #新宿西口 #ラーメン #食べログ #グルメ #東京グルメ #居酒屋 #外食記録 #東京ランチ #東京ディナー #グルメ好きな人と繋がりたい #グルメ巡り #ランチ巡り #ディナー巡り #保存推奨 #正直グルメ #コスパグルメ #デートごはん #ひとりごはん,23,0,"unsupported: Instagram API error 400: {""error"":{""message"":""(#10) Application does not have permission for this action"",""type"":""OAuthException"",""code"":10,""fbtrace_id"":""AaqqOG45wn0Af9moPN6dyoG""}}","unsupported: Instagram API error 400: {""error"":{""message"":""(#10) Application does not have permission for this action"",""code"":10,""type"":""OAuthException"",""fbtrace_id"":""Aj4c09XkR-8MziAycn4coNx""}}","unsupported: Instagram API error 400: {""error"":{""message"":""(#10) Application does not have permission for this action"",""type"":""OAuthException"",""code"":10,""fbtrace_id"":""AzJB8EJZ0vR8MJOfOY5PIPx""}}","unsupported: Instagram API error 400: {""error"":{""message"":""(#10) Application does not have permission for this action"",""type"":""OAuthException"",""code"":10,""fbtrace_id"":""AjteMuBBuiw9hWjYRxQ-MJF""}}","unsupported: Instagram API error 400: {""error"":{""message"":""(#10) Application does not have permission for this action"",""type"":""OAuthException"",""code"":10,""fbtrace_id"":""A6uggzSnvRnoZNmZbtQ2c3h""}}","unsupported: Instagram API error 400: {""error"":{""message"":""(#10) Application does not have permission for this action"",""type"":""OAuthException"",""code"":10,""fbtrace_id"":""AylOnfqBxEjSaQTsQxBhRzW""}}","unsupported: Instagram API error 400: {""error"":{""message"":""(#10) Application does not have permission for this action"",""type"":""OAuthException"",""code"":10,""fbtrace_id"":""AYrSElYxAMxu6Yv-vKyk5xG""}}","unsupported: Instagram API error 400: {""error"":{""message"":""(#10) Application does not have permission for this action"",""code"":10,""type"":""OAuthException"",""fbtrace_id"":""AhGFUmBWeFgCbxHOkpNJ0RS""}}"
2026-09-27T17:20:56+00:00,18185385280407612,2026-09-13T16:11:11+0000,CAROUSEL_ALBUM,https://www.instagram.com/p/DdO9aPTID3Q/,江古田ホルモン,江古田,居酒屋,#江古田 #新江古田 #新桜台 #居酒屋 #食べログ #グルメ #東京グルメ #外食記録 #東京ランチ #東京ディナー #グルメ好きな人と繋がりたい #グルメ巡り #ランチ巡り #ディナー巡り #保存推奨 #正直グルメ #コスパグルメ #デートごはん #ひとりごはん #居酒屋巡り,22,0,"unsupported: Instagram API error 400: {""error"":{""message"":""(#10) Application does not have permission for this action"",""code"":10,""type"":""OAuthException"",""fbtrace_id"":""Aw9VONY7pWVOTJcWSeKd5mJ""}}","unsupported: Instagram API error 400: {""error"":{""message"":""(#10) Application does not have permission for this action"",""type"":""OAuthException"",""code"":10,""fbtrace_id"":""AuYKZJpq3FKCW-Fb85FleC4""}}","unsupported: Instagram API error 400: {""error"":{""message"":""(#10) Application does not have permission for this action"",""type"":""OAuthException"",""code"":10,""fbtrace_id"":""AJ95CA3DKhpbJ-fGTmPI6b2""}}","unsupported: Instagram API error 400: {""error"":{""message"":""(#10) Application does not have permission for this action"",""code"":10,""type"":""OAuthException"",""fbtrace_id"":""ApW5pbR3mFV9KYCkveJlWwz""}}","unsupported: Instagram API error 400: {""error"":{""message"":""(#10) Application does not have permission for this action"",""code"":10,""type"":""OAuthException"",""fbtrace_id"":""AGrlLryg3D7vHcmWtCE6cZL""}}","unsupported: Instagram API error 400: {""error"":{""message"":""(#10) Application does not have permission for this action"",""type"":""OAuthException"",""code"":10,""fbtrace_id"":""Ac2DfS27Y_ImW6ci2_bl1kV""}}","unsupported: Instagram API error 400: {""error"":{""message"":""(#10) Application does not have permission for this action"",""type"":""OAuthException"",""code"":10,""fbtrace_id"":""ArRh0cLR8LudiJ5Em2QuXPd""}}","unsupported: Instagram API error 400: {""error"":{""message"":""(#10) Application does not have permission for this action"",""code"":10,""type"":""OAuthException"",""fbtrace_id"":""ALUDLyEJL4jyPC7FGl2TWTy""}}"
2026-09-27T17:20:59+00:00,18100743887019003,2026-09-12T17:03:20+0000,CAROUSEL_ALBUM,https://www.instagram.com/p/DdMelbrgBsq/,キッチン男の晩ごはん 女の昼ごはん,江古田,グルメ,#江古田 #新桜台 #新江古田 #グルメ #食べログ #東京グルメ #居酒屋 #外食記録 #東京ランチ #東京ディナー #グルメ好きな人と繋がりたい #グルメ巡り #ランチ巡り #ディナー巡り #保存推奨 #正直グルメ #コスパグルメ #デートごはん #ひとりごはん #居酒屋巡り,21,0,"unsupported: Instagram API error 400: {""error"":{""message"":""(#10) Application does not have permission for this action"",""type"":""OAuthException"",""code"":10,""fbtrace_id"":""AIGMfvmrVrpHGO5aCQq_rWR""}}","unsupported: Instagram API error 400: {""error"":{""message"":""(#10) Application does not have permission for this action"",""type"":""OAuthException"",""code"":10,""fbtrace_id"":""AREUe0ABSx9SkWe9rr_zHhV""}}","unsupported: Instagram API error 400: {""error"":{""message"":""(#10) Application does not have permission for this action"",""type"":""OAuthException"",""code"":10,""fbtrace_id"":""AGOSVtaEJuNOMh_M9gQGEG1""}}","unsupported: Instagram API error 400: {""error"":{""message"":""(#10) Application does not have permission for this action"",""code"":10,""type"":""OAuthException"",""fbtrace_id"":""A4fG6lsFO-ufNXwYiHYPTdj""}}","unsupported: Instagram API error 400: {""error"":{""message"":""(#10) Application does not have permission for this action"",""type"":""OAuthException"",""code"":10,""fbtrace_id"":""A-UvG6da8QS7JyOvBT49BjT""}}","unsupported: Instagram API error 400: {""error"":{""message"":""(#10) Application does not have permission for this action"",""type"":""OAuthException"",""code"":10,""fbtrace_id"":""AaXbaoXJfiil3zQOFemAKhU""}}","unsupported: Instagram API error 400: {""error"":{""message"":""(#10) Application does not have permission for this action"",""type"":""OAuthException"",""code"":10,""fbtrace_id"":""AB-rFK8wxF9nCIxYj68aoMm""}}","unsupported: Instagram API error 400: {""error"":{""message"":""(#10) Application does not have permission for this action"",""type"":""OAuthException"",""code"":10,""fbtrace_id"":""AGCeBbW9uoNgxSbBy4Fhtb3""}}"
2026-09-27T17:21:02+00:00,18140909788594271,2026-09-11T16:24:14+0000,CAROUSEL_ALBUM,https://www.instagram.com/p/DdJ1UOMjV5p/,デリー 上野店,上野広小路,グルメ,#上野広小路 #湯島 #上野御徒町 #グルメ #食べログ #東京グルメ #居酒屋 #外食記録 #東京ランチ #東京ディナー #グルメ好きな人と繋がりたい #グルメ巡り #ランチ巡り #ディナー巡り #保存推奨 #正直グルメ #コスパグルメ #デートごはん #ひとりごはん #居酒屋巡り,18,0,"unsupported: Instagram API error 400: {""error"":{""message"":""(#10) Application does not have permission for this action"",""code"":10,""type"":""OAuthException"",""fbtrace_id"":""At9w1q3tZ-MXHH7bWpIRkuf""}}","unsupported: Instagram API error 400: {""error"":{""message"":""(#10) Application does not have permission for this action"",""type"":""OAuthException"",""code"":10,""fbtrace_id"":""Aw2ptyWyhfBGceCbn0iyZXf""}}","unsupported: Instagram API error 400: {""error"":{""message"":""(#10) Application does not have permission for this action"",""type"":""OAuthException"",""code"":10,""fbtrace_id"":""ANX4JQaZ4_3eOHzX3ZzzmQW""}}","unsupported: Instagram API error 400: {""error"":{""message"":""(#10) Application does not have permission for this action"",""type"":""OAuthException"",""code"":10,""fbtrace_id"":""AbJTDelJI920Vh8kCWsxD5i""}}","unsupported: Instagram API error 400: {""error"":{""message"":""(#10) Application does not have permission for this action"",""type"":""OAuthException"",""code"":10,""fbtrace_id"":""APEeMuk_79egShWzFI3WC0A""}}","unsupported: Instagram API error 400: {""error"":{""message"":""(#10) Application does not have permission for this action"",""code"":10,""type"":""OAuthException"",""fbtrace_id"":""ATpujK8yIgr-BUHjr1Ksh7z""}}","unsupported: Instagram API error 400: {""error"":{""message"":""(#10) Application does not have permission for this action"",""type"":""OAuthException"",""code"":10,""fbtrace_id"":""APIKW0CxV2MZ2dX7DIdcXpz""}}","unsupported: Instagram API error 400: {""error"":{""message"":""(#10) Application does not have permission for this action"",""code"":10,""type"":""OAuthException"",""fbtrace_id"":""ATp0GkxvasXHqCMsN2dyeMq""}}"
2026-09-27T17:21:05+00:00,18416685745144084,2026-09-10T16:20:20+0000,CAROUSEL_ALBUM,https://www.instagram.com/p/DdHQEAYoF6Y/,ホームズパスタ 上野店,京成上野,ベーカリー,#京成上野 #上野御徒町 #上野広小路 #ベーカリー #食べログ #グルメ #東京グルメ #居酒屋 #外食記録 #東京ランチ #東京ディナー #グルメ好きな人と繋がりたい #グルメ巡り #ランチ巡り #ディナー巡り #保存推奨 #正直グルメ #コスパグルメ #デートごはん #ひとりごはん,15,0,"unsupported: Instagram API error 400: {""error"":{""message"":""(#10) Application does not have permission for this action"",""type"":""OAuthException"",""code"":10,""fbtrace_id"":""A4jr2S1_tJSxlX8NSu_Bnng""}}","unsupported: Instagram API error 400: {""error"":{""message"":""(#10) Application does not have permission for this action"",""type"":""OAuthException"",""code"":10,""fbtrace_id"":""AXwGMaoyXHdGtJ4nKFKqGR0""}}","unsupported: Instagram API error 400: {""error"":{""message"":""(#10) Application does not have permission for this action"",""type"":""OAuthException"",""code"":10,""fbtrace_id"":""AzTXDoDPiYYFF4cjBJCVaYD""}}","unsupported: Instagram API error 400: {""error"":{""message"":""(#10) Application does not have permission for this action"",""code"":10,""type"":""OAuthException"",""fbtrace_id"":""ArkAMVgSvCgxaZwPOHz9OlD""}}","unsupported: Instagram API error 400: {""error"":{""message"":""(#10) Application does not have permission for this action"",""code"":10,""type"":""OAuthException"",""fbtrace_id"":""ANZDd_mpYH-tp7gDTou_GuR""}}","unsupported: Instagram API error 400: {""error"":{""message"":""(#10) Application does not have permission for this action"",""type"":""OAuthException"",""code"":10,""fbtrace_id"":""AUMt935izPw_MJlTKRM-zCH""}}","unsupported: Instagram API error 400: {""error"":{""message"":""(#10) Application does not have permission for this action"",""type"":""OAuthException"",""code"":10,""fbtrace_id"":""A6BKAiZddi746pDKj0KQ2JP""}}","unsupported: Instagram API error 400: {""error"":{""message"":""(#10) Application does not have permission for this action"",""code"":10,""type"":""OAuthException"",""fbtrace_id"":""ADxwQeYNQIZrCgAWIzSvwD0""}}"
2026-09-27T17:21:07+00:00,18101585258349178,2026-09-09T18:31:14+0000,CAROUSEL_ALBUM,https://www.instagram.com/p/DdE6QlICfkT/,横浜家系ラーメン 天神家,上野広小路,ラーメン,#上野広小路 #上野御徒町 #湯島 #ラーメン #食べログ #グルメ #東京グルメ #居酒屋 #外食記録 #東京ランチ #東京ディナー #グルメ好きな人と繋がりたい #グルメ巡り #ランチ巡り #ディナー巡り #保存推奨 #正直グルメ #コスパグルメ #デートごはん #ひとりごはん,28,0,"unsupported: Instagram API error 400: {""error"":{""message"":""(#10) Application does not have permission for this action"",""code"":10,""type"":""OAuthException"",""fbtrace_id"":""AxQYq8CpwlnU0GJIo6VYAPe""}}","unsupported: Instagram API error 400: {""error"":{""message"":""(#10) Application does not have permission for this action"",""type"":""OAuthException"",""code"":10,""fbtrace_id"":""AYOKqwCMboKmjQ1v-yxTIQR""}}","unsupported: Instagram API error 400: {""error"":{""message"":""(#10) Application does not have permission for this action"",""code"":10,""type"":""OAuthException"",""fbtrace_id"":""ANbBbbgZpxik074JilaP4ZC""}}","unsupported: Instagram API error 400: {""error"":{""message"":""(#10) Application does not have permission for this action"",""code"":10,""type"":""OAuthException"",""fbtrace_id"":""AG8vWwGSAP-IvQW7cybZDNw""}}","unsupported: Instagram API error 400: {""error"":{""message"":""(#10) Application does not have permission for this action"",""type"":""OAuthException"",""code"":10,""fbtrace_id"":""AaAHZAYq7ilncAr7KBjAVNM""}}","unsupported: Instagram API error 400: {""error"":{""message"":""(#10) Application does not have permission for this action"",""type"":""OAuthException"",""code"":10,""fbtrace_id"":""AyMzG92PdHotL_ML4p9ZGeu""}}","unsupported: Instagram API error 400: {""error"":{""message"":""(#10) Application does not have permission for this action"",""type"":""OAuthException"",""code"":10,""fbtrace_id"":""AuMcBb84fZefyo69ihN3p9n""}}","unsupported: Instagram API error 400: {""error"":{""message"":""(#10) Application does not have permission for this action"",""code"":10,""type"":""OAuthException"",""fbtrace_id"":""AyqU3uY34R7UfQdBIRoY5IR""}}"
2026-09-27T17:21:11+00:00,18084967151295281,2026-09-07T16:25:22+0000,CAROUSEL_ALBUM,https://www.instagram.com/p/Dc_iQ8gFMm1/,マジドゥショコラ,自由が丘,スイーツ,#自由が丘 #九品仏 #奥沢 #スイーツ #食べログ #グルメ #東京グルメ #居酒屋 #外食記録 #東京ランチ #東京ディナー #グルメ好きな人と繋がりたい #グルメ巡り #ランチ巡り #ディナー巡り #保存推奨 #正直グルメ #コスパグルメ #デートごはん #ひとりごはん,22,1,"unsupported: Instagram API error 400: {""error"":{""message"":""(#10) Application does not have permission for this action"",""type"":""OAuthException"",""code"":10,""fbtrace_id"":""AVsGD_YJ8I6JYDvI-6CZh2g""}}","unsupported: Instagram API error 400: {""error"":{""message"":""(#10) Application does not have permission for this action"",""type"":""OAuthException"",""code"":10,""fbtrace_id"":""AMGytSLq7VM0fr8LabJ206d""}}","unsupported: Instagram API error 400: {""error"":{""message"":""(#10) Application does not have permission for this action"",""code"":10,""type"":""OAuthException"",""fbtrace_id"":""ANFuIKUK6GrsPKl8054jyk5""}}","unsupported: Instagram API error 400: {""error"":{""message"":""(#10) Application does not have permission for this action"",""code"":10,""type"":""OAuthException"",""fbtrace_id"":""ANTkIftJ0lAQD4TD0awRHI3""}}","unsupported: Instagram API error 400: {""error"":{""message"":""(#10) Application does not have permission for this action"",""type"":""OAuthException"",""code"":10,""fbtrace_id"":""A_rXaE2Vu_oAGbWHR7xMlBo""}}","unsupported: Instagram API error 400: {""error"":{""message"":""(#10) Application does not have permission for this action"",""code"":10,""type"":""OAuthException"",""fbtrace_id"":""Afl6_nqnvw__N19tD23PPn8""}}","unsupported: Instagram API error 400: {""error"":{""message"":""(#10) Application does not have permission for this action"",""type"":""OAuthException"",""code"":10,""fbtrace_id"":""A3ntp_rzghNZweWBAHQs-em""}}","unsupported: Instagram API error 400: {""error"":{""message"":""(#10) Application does not have permission for this action"",""code"":10,""type"":""OAuthException"",""fbtrace_id"":""AlkNKu_Y4RmVT7ZM_3RVjKf""}}"
2026-09-27T17:21:14+00:00,17924744727184064,2026-09-06T16:58:04+0000,CAROUSEL_ALBUM,https://www.instagram.com/p/Dc9BM-tIHgE/,大統領,京成上野,グルメ,#京成上野 #上野御徒町 #御徒町 #グルメ #食べログ #東京グルメ #居酒屋 #外食記録 #東京ランチ #東京ディナー #グルメ好きな人と繋がりたい #グルメ巡り #ランチ巡り #ディナー巡り #保存推奨 #正直グルメ #コスパグルメ #デートごはん #ひとりごはん #居酒屋巡り,23,0,"unsupported: Instagram API error 400: {""error"":{""message"":""(#10) Application does not have permission for this action"",""type"":""OAuthException"",""code"":10,""fbtrace_id"":""AhHuecqPo6JZa8rk_xUUJ_Z""}}","unsupported: Instagram API error 400: {""error"":{""message"":""(#10) Application does not have permission for this action"",""code"":10,""type"":""OAuthException"",""fbtrace_id"":""ASr2Cx05qedUcXhv8OHHmq7""}}","unsupported: Instagram API error 400: {""error"":{""message"":""(#10) Application does not have permission for this action"",""type"":""OAuthException"",""code"":10,""fbtrace_id"":""AQLDhkxBi-llpIZC4E1cscc""}}","unsupported: Instagram API error 400: {""error"":{""message"":""(#10) Application does not have permission for this action"",""type"":""OAuthException"",""code"":10,""fbtrace_id"":""A6uNdPpV32JWUgK6uULuJxK""}}","unsupported: Instagram API error 400: {""error"":{""message"":""(#10) Application does not have permission for this action"",""type"":""OAuthException"",""code"":10,""fbtrace_id"":""Aap3NC0K1hgsbGWuf1D4zfe""}}","unsupported: Instagram API error 400: {""error"":{""message"":""(#10) Application does not have permission for this action"",""code"":10,""type"":""OAuthException"",""fbtrace_id"":""ANMNKzVYI9n-GXicvRTgU5n""}}","unsupported: Instagram API error 400: {""error"":{""message"":""(#10) Application does not have permission for this action"",""type"":""OAuthException"",""code"":10,""fbtrace_id"":""AqJZUBK8AoHQap3W8JAWORi""}}","unsupported: Instagram API error 400: {""error"":{""message"":""(#10) Application does not have permission for this action"",""type"":""OAuthException"",""code"":10,""fbtrace_id"":""AEi-bbcfkzv1T0WnLUJZlzr""}}"
2026-09-27T17:21:17+00:00,18116998465946454,2026-09-05T15:59:55+0000,CAROUSEL_ALBUM,https://www.instagram.com/p/Dc6VwtPjeyc/,牛かつ あおな 御徒町本店,仲御徒町,グルメ,#仲御徒町 #御徒町 #上野御徒町 #グルメ #食べログ #東京グルメ #居酒屋 #外食記録 #東京ランチ #東京ディナー #グルメ好きな人と繋がりたい #グルメ巡り #ランチ巡り #ディナー巡り #保存推奨 #正直グルメ #コスパグルメ #デートごはん #ひとりごはん #居酒屋巡り,21,0,"unsupported: Instagram API error 400: {""error"":{""message"":""(#10) Application does not have permission for this action"",""type"":""OAuthException"",""code"":10,""fbtrace_id"":""AX1laUBK8DVg1N_tmp-hohC""}}","unsupported: Instagram API error 400: {""error"":{""message"":""(#10) Application does not have permission for this action"",""type"":""OAuthException"",""code"":10,""fbtrace_id"":""AfsXH6dP9XC2Q2TF-6wjk9L""}}","unsupported: Instagram API error 400: {""error"":{""message"":""(#10) Application does not have permission for this action"",""type"":""OAuthException"",""code"":10,""fbtrace_id"":""AdZD7sg5SHubH8ybw8Sazlt""}}","unsupported: Instagram API error 400: {""error"":{""message"":""(#10) Application does not have permission for this action"",""type"":""OAuthException"",""code"":10,""fbtrace_id"":""ASDYf8cplKUXe90wEtuzuR8""}}","unsupported: Instagram API error 400: {""error"":{""message"":""(#10) Application does not have permission for this action"",""code"":10,""type"":""OAuthException"",""fbtrace_id"":""AlZTqrgI4l-92EW3Os5YwP0""}}","unsupported: Instagram API error 400: {""error"":{""message"":""(#10) Application does not have permission for this action"",""type"":""OAuthException"",""code"":10,""fbtrace_id"":""Acf9mj6EgEvUgy7fVlyyEjn""}}","unsupported: Instagram API error 400: {""error"":{""message"":""(#10) Application does not have permission for this action"",""type"":""OAuthException"",""code"":10,""fbtrace_id"":""AbDjPh7-ez3_Uv_45aNc8tG""}}","unsupported: Instagram API error 400: {""error"":{""message"":""(#10) Application does not have permission for this action"",""type"":""OAuthException"",""code"":10,""fbtrace_id"":""AonqJjDqmY1jgaF0L6LxoYg""}}"
2026-09-27T17:21:20+00:00,18027638903683390,2026-09-05T06:30:39+0000,CAROUSEL_ALBUM,https://www.instagram.com/p/Dc5UnitDcgr/,バンバール,秋葉原,グルメ,#秋葉原 #末広町 #岩本町 #グルメ #食べログ #東京グルメ #居酒屋 #外食記録 #東京ランチ #東京ディナー #グルメ好きな人と繋がりたい #グルメ巡り #ランチ巡り #ディナー巡り #保存推奨 #正直グルメ #コスパグルメ #デートごはん #ひとりごはん #居酒屋巡り,18,0,"unsupported: Instagram API error 400: {""error"":{""message"":""(#10) Application does not have permission for this action"",""type"":""OAuthException"",""code"":10,""fbtrace_id"":""A5YHS3lnb9GLMujRh7y9i8_""}}","unsupported: Instagram API error 400: {""error"":{""message"":""(#10) Application does not have permission for this action"",""type"":""OAuthException"",""code"":10,""fbtrace_id"":""AO8Ps7ro_Ud7t_pTiMN_NiT""}}","unsupported: Instagram API error 400: {""error"":{""message"":""(#10) Application does not have permission for this action"",""type"":""OAuthException"",""code"":10,""fbtrace_id"":""ANS4cbCYhsZzmDFr3xPI06x""}}","unsupported: Instagram API error 400: {""error"":{""message"":""(#10) Application does not have permission for this action"",""type"":""OAuthException"",""code"":10,""fbtrace_id"":""AlGXV_XK0QLY6yHvq33qlP7""}}","unsupported: Instagram API error 400: {""error"":{""message"":""(#10) Application does not have permission for this action"",""code"":10,""type"":""OAuthException"",""fbtrace_id"":""AOuEWumdZwMFoVFXiWkvh-m""}}","unsupported: Instagram API error 400: {""error"":{""message"":""(#10) Application does not have permission for this action"",""type"":""OAuthException"",""code"":10,""fbtrace_id"":""AYMqshvI6LDoXA7K6W4287B""}}","unsupported: Instagram API error 400: {""error"":{""message"":""(#10) Application does not have permission for this action"",""type"":""OAuthException"",""code"":10,""fbtrace_id"":""AIV_JR03TQwFGMH5BVLzjqY""}}","unsupported: Instagram API error 400: {""error"":{""message"":""(#10) Application does not have permission for this action"",""type"":""OAuthException"",""code"":10,""fbtrace_id"":""AyY9JKz64IWtfxBK0hhGjOT""}}"
2026-09-27T17:21:23+00:00,18613497226016543,2026-09-01T05:56:35+0000,CAROUSEL_ALBUM,https://www.instagram.com/p/Dcu9hiKIPGB/,Fish Bank TOKYO,汐留,グルメ,#汐留 #新橋 #築地市場 #グルメ #食べログ #東京グルメ #居酒屋 #外食記録 #東京ランチ #東京ディナー #グルメ好きな人と繋がりたい #グルメ巡り #ランチ巡り #ディナー巡り #保存推奨 #正直グルメ #コスパグルメ #デートごはん #ひとりごはん #居酒屋巡り,33,0,"unsupported: Instagram API error 400: {""error"":{""message"":""(#10) Application does not have permission for this action"",""type"":""OAuthException"",""code"":10,""fbtrace_id"":""AT1lMqBXGdCR5eNlAflv4bF""}}","unsupported: Instagram API error 400: {""error"":{""message"":""(#10) Application does not have permission for this action"",""code"":10,""type"":""OAuthException"",""fbtrace_id"":""AV2ydm5fjyMfSp6f5z_QG7s""}}","unsupported: Instagram API error 400: {""error"":{""message"":""(#10) Application does not have permission for this action"",""code"":10,""type"":""OAuthException"",""fbtrace_id"":""AzHffXmMgIjM97JM4UulJHq""}}","unsupported: Instagram API error 400: {""error"":{""message"":""(#10) Application does not have permission for this action"",""type"":""OAuthException"",""code"":10,""fbtrace_id"":""AduedXM0BnB62JS-LcBWJLh""}}","unsupported: Instagram API error 400: {""error"":{""message"":""(#10) Application does not have permission for this action"",""type"":""OAuthException"",""code"":10,""fbtrace_id"":""AgMG-GwK-8TsonJ1GME69lz""}}","unsupported: Instagram API error 400: {""error"":{""message"":""(#10) Application does not have permission for this action"",""type"":""OAuthException"",""code"":10,""fbtrace_id"":""AP1UI_U1Cg5_syAXVW3L6m4""}}","unsupported: Instagram API error 400: {""error"":{""message"":""(#10) Application does not have permission for this action"",""type"":""OAuthException"",""code"":10,""fbtrace_id"":""AnZOB2jIlVr67nm1oj5H2wa""}}","unsupported: Instagram API error 400: {""error"":{""message"":""(#10) Application does not have permission for this action"",""type"":""OAuthException"",""code"":10,""fbtrace_id"":""ArutGzmB9kPi7Chz5bHRxwD""}}"
2026-09-27T17:21:26+00:00,18108010502147533,2026-08-18T15:42:29+0000,CAROUSEL_ALBUM,https://www.instagram.com/p/DcL9cuLlnmX/,炭火焼きと伊勢海老 いろ鶏,新橋,グルメ,#新橋 #汐留 #内幸町 #グルメ #食べログ #東京グルメ #居酒屋 #外食記録 #東京ランチ #東京ディナー #グルメ好きな人と繋がりたい #グルメ巡り #ランチ巡り #ディナー巡り #保存推奨 #正直グルメ #コスパグルメ #デートごはん #ひとりごはん #居酒屋巡り,37,0,"unsupported: Instagram API error 400: {""error"":{""message"":""(#10) Application does not have permission for this action"",""type"":""OAuthException"",""code"":10,""fbtrace_id"":""AQYTxENeCaVFMbP5DCP1Z-b""}}","unsupported: Instagram API error 400: {""error"":{""message"":""(#10) Application does not have permission for this action"",""type"":""OAuthException"",""code"":10,""fbtrace_id"":""Av6T0AiIlo9fagdQXSlmpKM""}}","unsupported: Instagram API error 400: {""error"":{""message"":""(#10) Application does not have permission for this action"",""type"":""OAuthException"",""code"":10,""fbtrace_id"":""A7nq2M48A0ZxLqz4vSPRSqf""}}","unsupported: Instagram API error 400: {""error"":{""message"":""(#10) Application does not have permission for this action"",""code"":10,""type"":""OAuthException"",""fbtrace_id"":""AJeuuwKTTV3Ak55JEHVuXw5""}}","unsupported: Instagram API error 400: {""error"":{""message"":""(#10) Application does not have permission for this action"",""type"":""OAuthException"",""code"":10,""fbtrace_id"":""A6ANk3bVdtlQZ_q_xlv6MQg""}}","unsupported: Instagram API error 400: {""error"":{""message"":""(#10) Application does not have permission for this action"",""type"":""OAuthException"",""code"":10,""fbtrace_id"":""AEb39wyNX3KvEzIboj0ZOUS""}}","unsupported: Instagram API error 400: {""error"":{""message"":""(#10) Application does not have permission for this action"",""type"":""OAuthException"",""code"":10,""fbtrace_id"":""AHGqA0M1s5J35wfDJm-xc3C""}}","unsupported: Instagram API error 400: {""error"":{""message"":""(#10) Application does not have permission for this action"",""code"":10,""type"":""OAuthException"",""fbtrace_id"":""Anwbe76a9T0vlf0OvRvcoZH""}}"
2026-09-27T17:21:29+00:00,17967436896134493,2026-08-17T16:40:13+0000,CAROUSEL_ALBUM,https://www.instagram.com/p/DcJfQs9Fq9l/,王道家直系 IEKEI TOKYO,末広町,ラーメン,#末広町 #湯島 #上野広小路 #ラーメン #食べログ #グルメ #東京グルメ #居酒屋 #外食記録 #東京ランチ #東京ディナー #グルメ好きな人と繋がりたい #グルメ巡り #ランチ巡り #ディナー巡り #保存推奨 #正直グルメ #コスパグルメ #デートごはん #ひとりごはん,38,0,"unsupported: Instagram API error 400: {""error"":{""message"":""(#10) Application does not have permission for this action"",""type"":""OAuthException"",""code"":10,""fbtrace_id"":""ABWFD8juDuliMRrUYuggaZb""}}","unsupported: Instagram API error 400: {""error"":{""message"":""(#10) Application does not have permission for this action"",""type"":""OAuthException"",""code"":10,""fbtrace_id"":""AQaRuWZZ9i_nVh2QrjOwTJB""}}","unsupported: Instagram API error 400: {""error"":{""message"":""(#10) Application does not have permission for this action"",""type"":""OAuthException"",""code"":10,""fbtrace_id"":""A3odPAsh-EOPkikZ97qxm9x""}}","unsupported: Instagram API error 400: {""error"":{""message"":""(#10) Application does not have permission for this action"",""type"":""OAuthException"",""code"":10,""fbtrace_id"":""AHmGiRyFdHjKhv7xPpldTki""}}","unsupported: Instagram API error 400: {""error"":{""message"":""(#10) Application does not have permission for this action"",""code"":10,""type"":""OAuthException"",""fbtrace_id"":""AA27fS09_Swes9fXVHyXKlq""}}","unsupported: Instagram API error 400: {""error"":{""message"":""(#10) Application does not have permission for this action"",""type"":""OAuthException"",""code"":10,""fbtrace_id"":""AVMsUQVeJeOiESD9fhNXhVb""}}","unsupported: Instagram API error 400: {""error"":{""message"":""(#10) Application does not have permission for this action"",""code"":10,""type"":""OAuthException"",""fbtrace_id"":""AEVWPgYLBzcRK9f4WKGgHbP""}}","unsupported: Instagram API error 400: {""error"":{""message"":""(#10) Application does not have permission for this action"",""code"":10,""type"":""OAuthException"",""fbtrace_id"":""AfEQ8XrPk-8b-_OHOzSfjF1""}}"
2026-09-27T17:21:32+00:00,18073560185387051,2026-08-16T16:37:47+0000,CAROUSEL_ALBUM,https://www.instagram.com/p/DcG6MF-lkHP/,海の達磨 魚心 有楽町店,日比谷,居酒屋,#日比谷 #有楽町 #銀座 #居酒屋 #食べログ #グルメ #東京グルメ #外食記録 #東京ランチ #東京ディナー #グルメ好きな人と繋がりたい #グルメ巡り #ランチ巡り #ディナー巡り #保存推奨 #正直グルメ #コスパグルメ #デートごはん #ひとりごはん #居酒屋巡り,36,0,"unsupported: Instagram API error 400: {""error"":{""message"":""(#10) Application does not have permission for this action"",""type"":""OAuthException"",""code"":10,""fbtrace_id"":""AWG5AOTgzsMBYpeWPrfO1z8""}}","unsupported: Instagram API error 400: {""error"":{""message"":""(#10) Application does not have permission for this action"",""type"":""OAuthException"",""code"":10,""fbtrace_id"":""AYeeKWltNRAshXywQRXEEo_""}}","unsupported: Instagram API error 400: {""error"":{""message"":""(#10) Application does not have permission for this action"",""type"":""OAuthException"",""code"":10,""fbtrace_id"":""A4pRzOJ4aUeRYtf5dfgY7hM""}}","unsupported: Instagram API error 400: {""error"":{""message"":""(#10) Application does not have permission for this action"",""type"":""OAuthException"",""code"":10,""fbtrace_id"":""Az_ysXOKGE2LbiBK2Deg4gj""}}","unsupported: Instagram API error 400: {""error"":{""message"":""(#10) Application does not have permission for this action"",""type"":""OAuthException"",""code"":10,""fbtrace_id"":""AzzJROzDfL44XZ4e0k1Wdym""}}","unsupported: Instagram API error 400: {""error"":{""message"":""(#10) Application does not have permission for this action"",""type"":""OAuthException"",""code"":10,""fbtrace_id"":""AvqsvGL9EqWYtEMYbkTD8jV""}}","unsupported: Instagram API error 400: {""error"":{""message"":""(#10) Application does not have permission for this action"",""code"":10,""type"":""OAuthException"",""fbtrace_id"":""An_vs_SALLgfAS1ppKZ1Gw-""}}","unsupported: Instagram API error 400: {""error"":{""message"":""(#10) Application does not have permission for this action"",""code"":10,""type"":""OAuthException"",""fbtrace_id"":""AwD99p_Egt-JiAFti-DaOEw""}}"
2026-09-27T17:21:36+00:00,18103438684911123,2026-08-15T15:31:35+0000,CAROUSEL_ALBUM,https://www.instagram.com/p/DcEN0LEmt7q/,焼肉 鶯谷園,鶯谷,焼肉,#鶯谷 #入谷 #上野 #焼肉 #食べログ #グルメ #東京グルメ #居酒屋 #外食記録 #東京ランチ #東京ディナー #グルメ好きな人と繋がりたい #グルメ巡り #ランチ巡り #ディナー巡り #保存推奨 #正直グルメ #コスパグルメ #デートごはん #ひとりごはん,46,1,"unsupported: Instagram API error 400: {""error"":{""message"":""(#10) Application does not have permission for this action"",""type"":""OAuthException"",""code"":10,""fbtrace_id"":""A9f4UGggzx6nhN9KrNZE5Pg""}}","unsupported: Instagram API error 400: {""error"":{""message"":""(#10) Application does not have permission for this action"",""type"":""OAuthException"",""code"":10,""fbtrace_id"":""AXCPuePzSRVLGVNTMG05_GZ""}}","unsupported: Instagram API error 400: {""error"":{""message"":""(#10) Application does not have permission for this action"",""code"":10,""type"":""OAuthException"",""fbtrace_id"":""ANKFxw1ZZVWRXA9a637VTI9""}}","unsupported: Instagram API error 400: {""error"":{""message"":""(#10) Application does not have permission for this action"",""type"":""OAuthException"",""code"":10,""fbtrace_id"":""A1jPAuksumXl9KICBmjAZ1h""}}","unsupported: Instagram API error 400: {""error"":{""message"":""(#10) Application does not have permission for this action"",""code"":10,""type"":""OAuthException"",""fbtrace_id"":""A00eZ6KjKswj1-cEoBxTGYw""}}","unsupported: Instagram API error 400: {""error"":{""message"":""(#10) Application does not have permission for this action"",""type"":""OAuthException"",""code"":10,""fbtrace_id"":""A1YSkMv9v4DBQtthIbZwAUB""}}","unsupported: Instagram API error 400: {""error"":{""message"":""(#10) Application does not have permission for this action"",""type"":""OAuthException"",""code"":10,""fbtrace_id"":""A2AHA43JCYacOvwIVNjSG__""}}","unsupported: Instagram API error 400: {""error"":{""message"":""(#10) Application does not have permission for this action"",""type"":""OAuthException"",""code"":10,""fbtrace_id"":""Anz7rMc2Mch5LO8iYNKu8jN""}}"
2026-09-27T17:21:38+00:00,18033085316833730,2026-08-14T15:03:50+0000,CAROUSEL_ALBUM,https://www.instagram.com/p/DcBl25MgZgJ/,月島もんじゃ おこげ 大宮,大宮,グルメ,#大宮 #グルメ #食べログ #東京グルメ #居酒屋 #外食記録 #東京ランチ #東京ディナー #グルメ好きな人と繋がりたい #グルメ巡り #ランチ巡り #ディナー巡り #保存推奨 #正直グルメ #コスパグルメ #デートごはん #ひとりごはん #居酒屋巡り #食べ歩き #おいしいもの好きな人と繋がりたい,27,0,"unsupported: Instagram API error 400: {""error"":{""message"":""(#10) Application does not have permission for this action"",""type"":""OAuthException"",""code"":10,""fbtrace_id"":""Alh9BcgKFJ4GPg9EcGstcBc""}}","unsupported: Instagram API error 400: {""error"":{""message"":""(#10) Application does not have permission for this action"",""type"":""OAuthException"",""code"":10,""fbtrace_id"":""AfzUQRHFdBCANuEYn9A0I8Q""}}","unsupported: Instagram API error 400: {""error"":{""message"":""(#10) Application does not have permission for this action"",""type"":""OAuthException"",""code"":10,""fbtrace_id"":""A2YXthwjJBGd1WifZGiP3eO""}}","unsupported: Instagram API error 400: {""error"":{""message"":""(#10) Application does not have permission for this action"",""code"":10,""type"":""OAuthException"",""fbtrace_id"":""A_FmfjxQH7I9nWxy9SVOVuj""}}","unsupported: Instagram API error 400: {""error"":{""message"":""(#10) Application does not have permission for this action"",""code"":10,""type"":""OAuthException"",""fbtrace_id"":""Aum94lA4wZnYPPNnZBugYvQ""}}","unsupported: Instagram API error 400: {""error"":{""message"":""(#10) Application does not have permission for this action"",""code"":10,""type"":""OAuthException"",""fbtrace_id"":""AQLy-9pwKOEieEWi5OjMDzO""}}","unsupported: Instagram API error 400: {""error"":{""message"":""(#10) Application does not have permission for this action"",""type"":""OAuthException"",""code"":10,""fbtrace_id"":""AJ7LZcLsrH_KdfiND9WI9Ez""}}","unsupported: Instagram API error 400: {""error"":{""message"":""(#10) Application does not have permission for this action"",""code"":10,""type"":""OAuthException"",""fbtrace_id"":""A4BB-b1SwMhwJFB2Q3Igame""}}"
