"No.","店名","訪問日","レビューURL"
"1","皇綱家","2026/09 訪問","https://tabelog.com/rvwr/018712231/rvwdtl/B535714570/"
"2","篠村","2026/09 訪問","https://tabelog.com/rvwr/018712231/rvwdtl/B535714751/"
"3","ピエロ","2026/09 訪問","https://tabelog.com/rvwr/018712231/rvwdtl/B535870329/"
"4","ミートショップアライ精肉店","2026/09 訪問","https://tabelog.com/rvwr/018712231/rvwdtl/B535870391/"
"5","K'sキッチン ハッピーロード店","2026/09 訪問","https://tabelog.com/rvwr/018712231/rvwdtl/B535870421/"
"6","同心房 江古田店","2026/09 訪問","https://tabelog.com/rvwr/018712231/rvwdtl/B536027550/"
"7","ANDY KEBAB","2026/09 訪問","https://tabelog.com/rvwr/018712231/rvwdtl/B536065419/"
"8","東京小鉄 渋谷店","2026/09 訪問","https://tabelog.com/rvwr/018712231/rvwdtl/B536130143/"
"9","RINGO 池袋店","2026/09 訪問","https://tabelog.com/rvwr/018712231/rvwdtl/B536136446/"
"10","串揚げ じゅらく 新橋店","2026/09 訪問","https://tabelog.com/rvwr/018712231/rvwdtl/B536221835/"
"11","四季邸 新宿パレットビル店","2026/09 訪問","https://tabelog.com/rvwr/018712231/rvwdtl/B536324811/"
"12","本格焼鳥 新宿とら屋別邸","2026/09 訪問","https://tabelog.com/rvwr/018712231/rvwdtl/B535214217/"
"13","レストラン マルタ","2026/09 訪問","https://tabelog.com/rvwr/018712231/rvwdtl/B535251212/"
"14","焼肉 桃松苑","2026/09 訪問","https://tabelog.com/rvwr/018712231/rvwdtl/B535258318/"
"15","マジドゥショコラ","2026/09 訪問","https://tabelog.com/rvwr/018712231/rvwdtl/B534849508/"
"16","焼肉icocca","2026/09 訪問","https://tabelog.com/rvwr/018712231/rvwdtl/B535038089/"
"17","横浜家系ラーメン 天神家","","https://tabelog.com/rvwr/018712231/rvwdtl/B527303956/"
"18","ホームズパスタ 上野店","2026/06 訪問","https://tabelog.com/rvwr/018712231/rvwdtl/B531101609/"
"19","デリー 上野店","2026/06 訪問","https://tabelog.com/rvwr/018712231/rvwdtl/B531101671/"
"20","キッチン男の晩ごはん 女の昼ごはん","2026/06 訪問","https://tabelog.com/rvwr/018712231/rvwdtl/B531101755/"
"21","江古田ホルモン","2026/07 訪問","https://tabelog.com/rvwr/018712231/rvwdtl/B531101842/"
"22","ラーメン鷹の目 江古田店","2026/07 訪問","https://tabelog.com/rvwr/018712231/rvwdtl/B532379342/"
"23","山東餃子本舗 江古田店","2026/07 訪問","https://tabelog.com/rvwr/018712231/rvwdtl/B532596283/"
"24","粤鼎","2026/06 訪問","https://tabelog.com/rvwr/018712231/rvwdtl/B532596580/"
"25","大衆酒場 春田屋 江古田店","2026/07 訪問","https://tabelog.com/rvwr/018712231/rvwdtl/B532808714/"
"26","山下本気うどん 新宿三丁目","2026/08 訪問","https://tabelog.com/rvwr/018712231/rvwdtl/B532906939/"
"27","桔梗屋 本社","2026/08 訪問","https://tabelog.com/rvwr/018712231/rvwdtl/B533080217/"
"28","ゆるり庵","2026/08 訪問","https://tabelog.com/rvwr/018712231/rvwdtl/B533099366/"
"29","ちから 新橋店","","https://tabelog.com/rvwr/018712231/rvwdtl/B533121551/"
"30","とんかつまるや 新橋駅前本店","2026/08 訪問","https://tabelog.com/rvwr/018712231/rvwdtl/B533182037/"
"31","煮干し中華そば 江古田 三四郎","2026/08 訪問","https://tabelog.com/rvwr/018712231/rvwdtl/B534166397/"
"32","鳥大志 上野本店","2026/07 訪問","https://tabelog.com/rvwr/018712231/rvwdtl/B531348910/"
"33","ウシロー 渋谷店","2026/08 訪問","https://tabelog.com/rvwr/018712231/rvwdtl/B533056477/"
"34","地鶏と網焼き 個室居酒屋 鶏進 水道橋駅前店","2026/08 訪問","https://tabelog.com/rvwr/018712231/rvwdtl/B534078389/"
"35","地鶏と沖縄琉球しゃぶしゃぶ 個室居酒屋 くろ凪 浜松町店","2026/08 訪問","https://tabelog.com/rvwr/018712231/rvwdtl/B534336295/"
"36","鉄板焼 ふじた","2026/08 訪問","https://tabelog.com/rvwr/018712231/rvwdtl/B534340306/"
"37","炭火焼き鳥&地鶏割烹 酉壱 別邸","2026/08 訪問","https://tabelog.com/rvwr/018712231/rvwdtl/B534389071/"
"38","なぎちゃんラーメン 江古田練馬旭丘店","2026/08 訪問","https://tabelog.com/rvwr/018712231/rvwdtl/B534443876/"
"39","東京焼肉 黒乃 Beef up tokyo","2026/08 訪問","https://tabelog.com/rvwr/018712231/rvwdtl/B534495187/"
"40","原始焼きの鮪馬問屋 雨宮家 有楽町店","2026/08 訪問","https://tabelog.com/rvwr/018712231/rvwdtl/B534590734/"
"41","貸切専門居酒屋 楽が気 はなれ","2026/08 訪問","https://tabelog.com/rvwr/018712231/rvwdtl/B534788544/"
"42","ひむか食堂","2026/05 訪問","https://tabelog.com/rvwr/018712231/rvwdtl/B529393960/"
"43","ホルモン青木 上野店","2026/05 訪問","https://tabelog.com/rvwr/018712231/rvwdtl/B529393995/"
"44","蛸家 新橋店","2026/05 訪問","https://tabelog.com/rvwr/018712231/rvwdtl/B529394040/"
"45","地魚屋台 浜ちゃん 上野店","2026/05 訪問","https://tabelog.com/rvwr/018712231/rvwdtl/B527303939/"
"46","中華珍満","2026/04 訪問","https://tabelog.com/rvwr/018712231/rvwdtl/B526173010/"
"47","シュラスコ 肉寿司食べ放題 夜景肉バル サルーテジャポン 渋谷店","2026/04 訪問","https://tabelog.com/rvwr/018712231/rvwdtl/B526173375/"
"48","金沢まいもん寿司 上野店","2026/04 訪問","https://tabelog.com/rvwr/018712231/rvwdtl/B527303925/"
"49","ゴールド ラッシュ 新宿東口店","2026/04 訪問","https://tabelog.com/rvwr/018712231/rvwdtl/B527508506/"
"50","東神田 粋ざま","2026/03 訪問","https://tabelog.com/rvwr/018712231/rvwdtl/B524456337/"
"51","珍々軒","2026/03 訪問","https://tabelog.com/rvwr/018712231/rvwdtl/B526173243/"
"52","シュラスコ＆ビアバー ゴッチバッタ 上野","2026/01 訪問","https://tabelog.com/rvwr/018712231/rvwdtl/B520309083/"
"53","大輝家直伝 家系ラーメン 大﨑家 末広町店","2026/01 訪問","https://tabelog.com/rvwr/018712231/rvwdtl/B520309282/"
"54","福与志","2025/12 訪問","https://tabelog.com/rvwr/018712231/rvwdtl/B519529818/"
"55","カレーの市民アルバ 秋葉原本店","2025/12 訪問","https://tabelog.com/rvwr/018712231/rvwdtl/B519694567/"
"56","まもなく釜山駅","2025/12 訪問","https://tabelog.com/rvwr/018712231/rvwdtl/B520309062/"
"57","博多もつ鍋 やまや 有楽町店","2025/12 訪問","https://tabelog.com/rvwr/018712231/rvwdtl/B520309651/"
"58","食彩の房 秋葉原店","2025/11 訪問","https://tabelog.com/rvwr/018712231/rvwdtl/B517171637/"
"59","おさかな心技体","2025/11 訪問","https://tabelog.com/rvwr/018712231/rvwdtl/B517811625/"
"60","ジャギ飯店","2025/11 訪問","https://tabelog.com/rvwr/018712231/rvwdtl/B518270485/"
"61","がっつり！スパゲッティ ぱすたや 御徒町店","2025/11 訪問","https://tabelog.com/rvwr/018712231/rvwdtl/B520309830/"
"62","新潟・佐渡島 両津港直送 土風炉 御徒町店","2025/11 訪問","https://tabelog.com/rvwr/018712231/rvwdtl/B516655909/"
"63","鮪の匠人 魚心 マグロ専門店 銀座店","2025/11 訪問","https://tabelog.com/rvwr/018712231/rvwdtl/B516655932/"
"64","焼肉 一心たん助 上野本店","2025/11 訪問","https://tabelog.com/rvwr/018712231/rvwdtl/B517065464/"
"65","韓国食堂＆韓甘味ハヌリ","2025/11 訪問","https://tabelog.com/rvwr/018712231/rvwdtl/B517065749/"
"66","MEAT＆GRILL MARCO EBISU","2025/10 訪問","https://tabelog.com/rvwr/018712231/rvwdtl/B515743711/"
"67","横浜家系らーめん 侍 上野店","2025/10 訪問","https://tabelog.com/rvwr/018712231/rvwdtl/B515729881/"
"68","御徒町小町食堂","2025/10 訪問","https://tabelog.com/rvwr/018712231/rvwdtl/B515730059/"
"69","ぶたぼーる 新橋店","2025/10 訪問","https://tabelog.com/rvwr/018712231/rvwdtl/B515730289/"
"70","博多商店 渋谷店","2025/10 訪問","https://tabelog.com/rvwr/018712231/rvwdtl/B516106786/"
"71","肉の大山","2025/10 訪問","https://tabelog.com/rvwr/018712231/rvwdtl/B516619212/"
"72","居酒屋yosari 神田店","2025/09 訪問","https://tabelog.com/rvwr/018712231/rvwdtl/B513199257/"
"73","楊國福 神保町駅前店","2025/09 訪問","https://tabelog.com/rvwr/018712231/rvwdtl/B514456945/"
"74","カリカル 新橋本店","2025/09 訪問","https://tabelog.com/rvwr/018712231/rvwdtl/B514457182/"
"75","はるちゃんラーメン","2025/09 訪問","https://tabelog.com/rvwr/018712231/rvwdtl/B514457602/"
"76","スイーツパラダイス 上野マルイ店","2025/09 訪問","https://tabelog.com/rvwr/018712231/rvwdtl/B514597825/"
"77","絵のある街 上野店","2025/09 訪問","https://tabelog.com/rvwr/018712231/rvwdtl/B515729740/"
"78","個室居酒屋 緋桜 新宿店","2025/08 訪問","https://tabelog.com/rvwr/018712231/rvwdtl/B511764060/"
"79","江ざわ","2025/08 訪問","https://tabelog.com/rvwr/018712231/rvwdtl/B513025729/"
"80","茶割 目黒","2025/08 訪問","https://tabelog.com/rvwr/018712231/rvwdtl/B513025783/"
"81","一酌万倍 新宿本店","2025/07 訪問","https://tabelog.com/rvwr/018712231/rvwdtl/B510130053/"
"82","炭火焼 ゑすと 神田","2025/07 訪問","https://tabelog.com/rvwr/018712231/rvwdtl/B510859618/"
"83","炭火焼き鳥 激太鳥 歌舞伎町店","2025/05 訪問","https://tabelog.com/rvwr/018712231/rvwdtl/B507045166/"
"84","旬魚・地酒 トロ八 新橋駅前店","2025/03 訪問","https://tabelog.com/rvwr/018712231/rvwdtl/B502675560/"
"85","スタミナ屋","2025/03 訪問","https://tabelog.com/rvwr/018712231/rvwdtl/B502822158/"
"86","完全個室居酒屋 鳥錦 錦糸町店","2025/03 訪問","https://tabelog.com/rvwr/018712231/rvwdtl/B503157217/"
"87","鉄板 薊 立川本店","2025/03 訪問","https://tabelog.com/rvwr/018712231/rvwdtl/B503715079/"
"88","ヴェヌス サウス インディアン ダイニング 御徒町店","2025/02 訪問","https://tabelog.com/rvwr/018712231/rvwdtl/B500859667/"
"89","野菜巻きと焼き鳥 達磨酒場 桜木町店","2025/02 訪問","https://tabelog.com/rvwr/018712231/rvwdtl/B501102965/"
"90","CRAZY PIZZA TORANOMON","2025/02 訪問","https://tabelog.com/rvwr/018712231/rvwdtl/B501275860/"
"91","ネパーリ バンシャガル インドカレー さくら","2025/02 訪問","https://tabelog.com/rvwr/018712231/rvwdtl/B501804553/"
"92","焼売のジョー 歌舞伎町店","2025/02 訪問","https://tabelog.com/rvwr/018712231/rvwdtl/B501804923/"
"93","わらやき道場別邸 有楽町日比谷店","2025/02 訪問","https://tabelog.com/rvwr/018712231/rvwdtl/B501925969/"
"94","博多亭 新宿西口店","2025/02 訪問","https://tabelog.com/rvwr/018712231/rvwdtl/B502365202/"
"95","ラーメン凪 大宮東口店","2025/01 訪問","https://tabelog.com/rvwr/018712231/rvwdtl/B499438936/"
"96","月島もんじゃ おこげ 大宮","2025/01 訪問","https://tabelog.com/rvwr/018712231/rvwdtl/B499438992/"
"97","焼肉 鶯谷園","2025/01 訪問","https://tabelog.com/rvwr/018712231/rvwdtl/B499439012/"
"98","海の達磨 魚心 有楽町店","2025/01 訪問","https://tabelog.com/rvwr/018712231/rvwdtl/B499511372/"
"99","王道家直系 IEKEI TOKYO","2025/01 訪問","https://tabelog.com/rvwr/018712231/rvwdtl/B499800133/"
"100","炭火焼きと伊勢海老 いろ鶏","2025/01 訪問","https://tabelog.com/rvwr/018712231/rvwdtl/B500466507/"
"101","Fish Bank TOKYO","2024/12 訪問","https://tabelog.com/rvwr/018712231/rvwdtl/B498053195/"
"102","バンバール","2024/12 訪問","https://tabelog.com/rvwr/018712231/rvwdtl/B498053230/"
"103","牛かつ あおな 御徒町本店","2024/12 訪問","https://tabelog.com/rvwr/018712231/rvwdtl/B496608562/"
"104","大統領","2024/12 訪問","https://tabelog.com/rvwr/018712231/rvwdtl/B497072827/"
"105","Seafood bar Ermitage 大宮店","2024/12 訪問","https://tabelog.com/rvwr/018712231/rvwdtl/B497072943/"
"106","マルヤス酒場 御徒町店","2024/12 訪問","https://tabelog.com/rvwr/018712231/rvwdtl/B497073074/"
"107","カレーは飲み物。 秋葉原店","2024/12 訪問","https://tabelog.com/rvwr/018712231/rvwdtl/B497073188/"
"108","うさぎや","2024/12 訪問","https://tabelog.com/rvwr/018712231/rvwdtl/B497073296/"
"109","下町のタイ料理屋さん Yim Siam","2024/12 訪問","https://tabelog.com/rvwr/018712231/rvwdtl/B497709955/"
"110","シュラスコ＆ビアバー ゴッチバッタ 銀座","2024/12 訪問","https://tabelog.com/rvwr/018712231/rvwdtl/B497710037/"
"111","上野アメ横のひもの屋","2024/12 訪問","https://tabelog.com/rvwr/018712231/rvwdtl/B497710227/"
"112","寿司バル弁慶 神田店","2024/12 訪問","https://tabelog.com/rvwr/018712231/rvwdtl/B497745744/"
"113","神保町食肉センター 上野店","2024/12 訪問","https://tabelog.com/rvwr/018712231/rvwdtl/B497745919/"
"114","春夏冬","2024/11 訪問","https://tabelog.com/rvwr/018712231/rvwdtl/B495212921/"
"115","慶豊","2024/11 訪問","https://tabelog.com/rvwr/018712231/rvwdtl/B495965541/"
"116","鮨とラーメン うおがしや","2024/11 訪問","https://tabelog.com/rvwr/018712231/rvwdtl/B495213321/"
"117","ミスターカンソ 上野御徒町店","2024/11 訪問","https://tabelog.com/rvwr/018712231/rvwdtl/B495222471/"
"118","大衆酒場 五の五 上野6丁目店","2024/11 訪問","https://tabelog.com/rvwr/018712231/rvwdtl/B495283959/"
"119","TRUFFLE mini JR御徒町店","2024/11 訪問","https://tabelog.com/rvwr/018712231/rvwdtl/B495287956/"
"120","活 大江戸 御徒町松坂屋駅前店","2024/11 訪問","https://tabelog.com/rvwr/018712231/rvwdtl/B495340558/"
"121","ドンレミーアウトレット 上野駅前店","2024/11 訪問","https://tabelog.com/rvwr/018712231/rvwdtl/B495340763/"
"122","寿限無 担々麺 上野店","2024/11 訪問","https://tabelog.com/rvwr/018712231/rvwdtl/B495551237/"
"123","日本酒原価酒蔵 上野御徒町店","2024/11 訪問","https://tabelog.com/rvwr/018712231/rvwdtl/B495915595/"
"124","希家 上野店","2024/11 訪問","https://tabelog.com/rvwr/018712231/rvwdtl/B496386963/"
"125","日本酒原価酒場 元祖わら屋 上野御徒町店","2024/11 訪問","https://tabelog.com/rvwr/018712231/rvwdtl/B496608435/"
"126","回転火鍋 なべ丸 上野本店","2024/11 訪問","https://tabelog.com/rvwr/018712231/rvwdtl/B495213990/"
"127","麺処 花田 上野店","2024/11 訪問","https://tabelog.com/rvwr/018712231/rvwdtl/B495283507/"
